,expected_value,predicted_value
0,28133159.0,37752205.6740946
1,23993605.0,44551775.95129618
2,21379315.0,48483830.66744822
3,11144518.0,22247343.365737766
4,6088249.0,34577657.89536942
5,115802596.0,165612971.20333332
6,108360000.0,67340685.06833333
7,73000942.0,24455984.35322976
8,48529095.864189625,16143203.780348064
9,49526.0,18192106.857571002
10,238371987.0,121671383.105
11,117224271.0,26125820.9931892
12,48529095.864189625,37594613.98976832
13,117559438.0,43609410.74
14,48529095.864189625,17809167.516520392
15,27087695.0,46058460.02018471
16,13220.0,35728631.49378069
17,33349949.0,22114802.407775994
18,49474048.0,23799794.77333333
19,38372662.0,61877741.514320955
20,1768416.0,17676205.7078187
21,30157016.0,41700525.66333334
22,1207007.0,23886344.52197309
23,24430272.0,50333370.17621397
24,3500000.0,24079688.33143711
25,39100956.0,14592072.559093527
26,48529095.864189625,22936997.863085628
27,54235441.0,30031070.7986419
28,160762022.0,88292692.67333332
29,16115878.0,17070906.816562034
30,14792779.0,20537920.775246635
31,48529095.864189625,9244094.817098016
32,32154410.0,45712729.70000002
33,38317535.0,33848198.0464606
34,18225165.0,43030617.92018472
35,48529095.864189625,16494453.592755713
36,15962471.0,42251664.145102486
37,7888703.0,22439891.444483243
38,638951.0,13574908.743022636
39,48529095.864189625,8177226.115822123
40,22450975.0,59274682.09804508
41,2148212.0,20613845.973618403
42,20998709.0,9268769.295617126
43,1292527.0,20547768.541149903
44,476270.0,16794521.776069827
45,62563543.0,70495120.255
46,17843379.0,23478731.620203927
47,26000610.0,47205168.29304505
48,1110186.0,29893996.77732224
49,3123749.0,20079744.290984415
50,189412677.0,185815434.82333332
51,4068087.0,26102411.257712997
52,87704396.0,52990590.01666667
53,6114237.0,15271692.636666667
54,48529095.864189625,42967495.6580002
55,20772796.0,23962135.989462953
56,110536.0,15755496.799483234
57,23209440.0,19805054.03713752
58,48529095.864189625,36248002.60425368
59,29802761.0,28327842.46205744
60,48529095.864189625,40097008.312627584
61,261481.0,19537282.474485375
62,33631221.0,42209329.80697522
63,48529095.864189625,28005557.691374127
64,25517500.0,37412592.66234358
65,113330342.0,110181946.0166667
66,321952.0,43157120.92637199
67,21133087.0,29792959.57567798
68,3588432.0,20537032.23954623
69,6061759.0,23288243.51547299
70,11675178.0,19704794.12615097
71,22362500.0,49472500.396666676
72,5459824.0,43124884.02434124
73,13571817.0,15988960.435143072
74,22189039.0,19501125.084259026
75,85200000.0,54321479.108887464
76,4881867.0,20279498.849669013
77,229074524.0,140195826.095
78,48529095.864189625,21450551.938474268
79,55942830.0,103008118.04833332
80,46440491.0,67599336.66471173
81,93926386.0,139621193.82833335
82,58229120.0,117045134.64333332
83,48529095.864189625,22388480.746725388
84,40846082.0,34201471.94796284
85,14938570.0,43388236.0232714
86,126387.0,8905985.367242152
87,42660000.0,26497199.377057455
88,7059537.0,21772823.477734365
89,48529095.864189625,23700091.346704036
90,6167817.0,59801320.16043136
91,23000.0,16915248.3692366
92,260000000.0,84044376.54576126
93,84037039.0,81538631.93499999
94,12438.0,37805648.88585842
95,20773070.0,22843196.52921525
96,48529095.864189625,39452453.80641469
97,42652003.0,18931140.893908817
98,18488314.0,20412734.517900918
99,70960517.0,33095860.285719622
100,82528097.0,13813389.885204995
101,104077.0,15464821.06668696
102,278821.0,9590946.87759129
103,47285499.0,25907422.901809737
104,982214.0,14258205.318639757
105,15561627.0,20877256.66002029
106,58879132.0,41599033.94500002
107,3108216.0,15701154.637363875
108,48529095.864189625,70592208.97664422
109,73103784.0,147056616.67833337
110,9203192.0,26615113.596172318
111,4914.0,38250805.66316249
112,7574066.0,16542024.06041106
113,2601847.0,37575197.929007046
114,30013346.0,59169117.7879212
115,48529095.864189625,27280869.850983344
116,140459099.0,81338278.87166665
117,14268533.0,26256992.64294149
118,74608545.0,61416758.841666676
119,32701088.0,10997266.650122788
120,73648142.0,69704391.475
121,46012734.0,52746332.43499999
122,48529095.864189625,16590055.773805253
123,145118.0,31972839.7252018
124,40064955.0,42863194.630987614
125,474544677.0,259079090.79166657
126,58336565.0,21850017.68125454
127,48529095.864189625,18955009.13851805
128,48529095.864189625,42719740.397894524
129,48529095.864189625,19048990.66127269
130,55210049.0,31734136.602880627
131,12712093.0,40944187.86742793
132,30050028.0,30181294.090862695
133,750100.0,20538064.163578898
134,160201106.0,127678295.80666676
135,35324232.0,59863754.84553491
136,47277326.0,61688643.88288064
137,4835968.0,24142979.39592356
138,30259652.0,28227883.06
139,592014.0,20791863.76067585
140,43800000.0,34800651.224567585
141,24809547.0,43276171.77796283
142,70011073.0,21814236.888333336
143,528972.0,37518142.130179375
144,7518876.0,31370676.940118514
145,118500000.0,97134724.51053488
146,3830.0,26700514.19742365
147,48529095.864189625,38957052.95270981
148,174682.0,32508073.81869848
149,35422828.0,22224368.65818812
150,1260917.0,18736234.771645315
151,14252830.0,18927396.37349776
152,23159305.0,45377716.74563741
153,2506446.0,23635598.214647666
154,379122.0,11365355.38055413
155,48529095.864189625,10869979.45678945
156,4308981.0,21890083.06866005
157,41867960.0,44102064.60242794
158,45434443.0,100690567.60788065
159,499263.0,55375675.77333335
160,1829142.0,21537080.62687166
161,23978402.0,15413665.347344652
162,202351611.0,234724190.1916667
163,138447667.0,149300557.79
164,3205244.0,14981584.560884051
165,37053924.0,56143676.61499998
166,3798532.0,20946505.247138586
167,1711.0,36646202.88836856
168,37939782.0,30954988.802654285
169,71588220.0,66181509.87
170,2300000.0,20367622.032116175
171,183635922.0,176272108.22
172,6998324.0,34176199.5733109
173,48529095.864189625,40375782.18273007
174,42880.0,18425009.548290625
175,48529095.864189625,16761652.704093527
176,48529095.864189625,27724726.918267142
177,47806295.0,51451571.37666666
178,75370763.0,50896320.56333334
179,108706165.0,57023279.04378498
180,116724075.0,52122745.84288063
181,17791031.0,39201809.8064809
182,50000000.0,31039865.351644233
183,48529095.864189625,40632027.49816677
184,206456431.0,197037942.19999996
185,61644321.0,73661908.94637838
186,16671505.0,43590859.49833334
187,23078294.0,21503429.230493274
188,1229197.0,47888583.292486645
189,101643008.0,133538104.23833336
190,3525161.0,24860673.515574425
191,55973336.0,51549927.236522526
192,31487293.0,37954186.121090114
193,1332.0,33534306.710138798
194,33071558.0,20751560.973043993
195,8044906.0,26234160.077917997
196,3130592.0,15029078.326211829
197,26049082.0,44585792.33979395
198,48529095.864189625,21500994.958371773
199,2319187.0,41762696.255925685
200,144156464.0,71895724.86386824
201,30093107.0,54970773.887386285
202,760505847.0,408673581.8383334
203,5792822.0,36212808.11754859
204,2775593.0,34529118.712880634
205,217631306.0,51139916.78631647
206,2542264.0,30882761.23972773
207,1183354.0,26670973.38088298
208,48529095.864189625,43497448.29526054
209,50818750.0,49948782.512654275
210,16088610.0,16560004.942057438
211,109713132.0,30606224.80417681
212,12947763.0,21666179.354441606
213,12212417.0,13864190.895390775
214,17000000.0,12398118.331171263
215,48529095.864189625,32512076.394459736
216,48529095.864189625,23217686.18580183
217,218051260.0,231427823.92666665
218,621240.0,23198616.73754858
219,48529095.864189625,21616448.10446189
220,84185387.0,62471440.08722187
221,43792641.0,26457227.65666667
222,14060950.0,16192519.839670086
223,2981638.0,35103265.69806535
224,43982842.0,56772861.77499998
225,48856.0,14027402.789669015
226,48529095.864189625,35769700.92017936
227,35688.0,28008003.228102703
228,108638745.0,111088353.51
229,59699513.0,13218751.383518042
230,102308900.0,49461465.91495618
231,56816662.0,60450058.82576125
232,27900000.0,24254936.000821058
233,15281286.0,31934006.52220159
234,46978995.0,132996556.91666663
235,48529095.864189625,43214150.90441706
236,1346503.0,15867174.905554138
237,90485233.0,36853751.0196466
238,41227069.0,42432520.8228187
239,54800000.0,16676388.665163355
240,13998282.0,17283573.05076126
241,48529095.864189625,32742243.50254644
242,60522097.0,142530304.06666666
243,48529095.864189625,30894713.90094172
244,45661.0,22007779.86158125
245,41102171.0,62519289.49409458
246,13383737.0,20103362.764485374
247,66941559.0,56870357.32609012
248,2600000.0,11351621.338250056
249,118823091.0,86150435.35932094
250,29959436.0,30961820.90954729
251,70496802.0,132357533.1133333
252,3100650.0,22864011.962467443
253,23222861.0,17883429.662283793
254,2277396.0,18529212.195492197
255,85911262.0,60048630.38207772
256,38087366.0,51721366.43034915
257,107930000.0,176303727.5332714
258,37652565.0,66085078.36666666
259,40076438.0,53079295.60499999
260,176740650.0,203685452.48333332
261,55762229.0,33849150.653189205
262,48529095.864189625,29585192.36213965
263,75280058.0,73933230.95448536
264,48529095.864189625,25484185.13688981
265,33422556.0,30468342.33146061
266,129734803.0,119647216.19000001
267,703.0,35454751.59009717
268,48529095.864189625,18462090.045203928
269,50003300.0,23266826.451625023
270,1554566.0,16023445.90195281
271,10324441.0,23670637.757057447
272,48529095.864189625,30565216.008456122
273,44983704.0,30860414.645164434
274,47000485.0,76802326.59499998
275,19158074.0,19720566.023023702
276,48529095.864189625,31474062.458187055
277,48529095.864189625,17468453.563867185
278,51676606.0,52082927.1287647
279,50041732.0,31660516.957962852
280,132373442.0,181088326.82833332
281,48529095.864189625,25602932.414752293
282,48529095.864189625,23200742.60394725
283,48529095.864189625,39951370.8598089
284,54700065.0,110232285.9366667
285,183088.0,19549473.073434766
286,27281507.0,15198941.480411062
287,48529095.864189625,23094569.33295964
288,65269010.0,37256826.445
289,31899000.0,13091054.534854794
290,25675765.0,35398761.72121396
291,515005.0,11512668.445143068
292,48529095.864189625,34328135.80635275
293,111300.0,15593283.80001815
294,48529095.864189625,26846195.630222082
295,34014398.0,46309630.10166667
296,183490.0,30720806.48943947
297,46495.0,16213906.228949394
298,50668906.0,25922373.726789452
299,48529095.864189625,25434121.867629733
300,10654581.0,22487325.97333334
301,21835784.0,39284336.91166668
302,32131830.0,123015916.68166666
303,9714482.0,31597538.930102497
304,83077470.0,95832365.93121399
305,21378000.0,19869814.466707233
306,81525.0,14851675.108868247
307,221210.0,27503471.161007892
308,48529095.864189625,33858542.71505658
309,120618403.0,94420085.6263784
310,100446895.0,44263613.24076125
311,48529095.864189625,26814514.318637624
312,48529095.864189625,20506581.348453984
313,48529095.864189625,42821480.01592568
314,48529095.864189625,25220040.1465599
315,26400000.0,23082798.768721975
316,4235837.0,53674872.54660366
317,181015141.0,248796193.72499996
318,48529095.864189625,28849771.345818922
319,195888.0,2848557.8833333333
320,1500000.0,16607843.294485375
321,48529095.864189625,37962729.58026264
322,24944213.0,48773990.49631647
323,43568507.0,91434610.955
324,48529095.864189625,23441445.11904975
325,48529095.864189625,29086699.45812407
326,210609762.0,116777648.5657196
327,106694016.0,40849706.47296285
328,8508843.0,21053748.467550714
329,12006514.0,22677307.03399103
330,5204007.0,35547158.00016443
331,9176553.0,12885134.414546233
332,29113588.0,43738236.325
333,13134.0,13732620.182878496
334,17149.0,25510236.929834504
335,48529095.864189625,26752023.055634197
336,48529095.864189625,15995026.518948326
337,13592872.0,14166464.140822122
338,64604977.0,76397160.54820947
339,38119483.0,41502407.69796284
340,33404871.0,69178838.48288064
341,70071.0,26458535.378102712
342,75530832.0,70161860.28833334
343,169076745.0,85731364.08666667
344,48529095.864189625,41556847.3855488
345,287761.0,17156092.86382447
346,101217900.0,58102100.94598763
347,34964818.0,46527133.37666665
348,88504640.0,93245230.13333334
349,124732962.0,95916589.51
350,27362712.0,8086130.154299595
351,18653615.0,28297398.703639757
352,114195633.0,87005990.49333334
353,422783777.0,134694678.80269483
354,98780042.0,119904926.16500002
355,48529095.864189625,29484418.337715145
356,48529095.864189625,21098717.09939996
357,5923044.0,51005397.185574405
358,48529095.864189625,22011381.182180222
359,73023275.0,25746643.98366218
360,48529095.864189625,31680330.44160367
361,5749134.0,26559907.418332264
362,13362308.0,23592660.5429212
363,19447478.0,25255059.448065337
364,3500000.0,52614623.08182682
365,47379090.0,92785561.72395046
366,38413606.0,37030469.9940946
367,48529095.864189625,28294989.94937859
368,60984028.0,96502755.91333333
369,20384136.0,21675433.631542817
370,220914.0,26765140.621314324
371,10042266.0,17207552.70771407
372,35054909.0,80524998.91499998
373,11000000.0,42213487.20407325
374,126805112.0,53113623.849999994
375,146282411.0,133371415.11000004
376,36385763.0,60033038.25999999
377,334185206.0,183668280.69499996
378,32522352.0,102526396.30290091
379,50173190.0,60214324.23000001
380,48529095.864189625,29853351.303538334
381,6857503.0,34090085.147139646
382,77222184.0,72384686.75
383,6525762.0,18235406.656953875
384,75030163.0,88020654.4259876
385,48529095.864189625,9981307.441501176
386,68856263.0,39214016.23740658
387,48529095.864189625,20520330.38081999
388,39552600.0,17235743.420408923
389,24004159.0,60394441.64500001
390,13367101.0,17958981.308991026
391,95236.0,8867834.762118304
392,531009.0,17619378.68717916
393,51396781.0,97599196.94265431
394,19548064.0,52761278.6495473
395,1186957.0,24305045.391828958
396,480314.0,34885648.329732016
397,38176892.0,61785551.62333332
398,34963967.0,42657434.52213965
399,150167630.0,141520399.90666673
400,181395380.0,92959788.075
401,5484375.0,44493212.93499999
402,14637490.0,18939284.601686954
403,227946274.0,196010637.13
404,17300889.0,33850821.15359919
405,3029870.0,34324631.751831084
406,48529095.864189625,43106865.60419069
407,48529095.864189625,29084409.74561712
408,48529095.864189625,24583700.36551142
409,35092918.0,22618176.796747815
410,214948780.0,205094209.065
411,50150619.0,40729003.895
412,4001121.0,26333038.89876468
413,63034755.0,24304873.22967008
414,113502246.0,65522451.32129617
415,71442.0,25011777.39789771
416,1429260.0,28129777.481522538
417,48529095.864189625,37976531.84723786
418,129319.0,33505806.025963057
419,62480.0,37353478.02777173
420,10907291.0,24155191.66351805
421,246574.0,12506850.238887465
422,1243961.0,19505012.744421314
423,82624961.0,32738787.145761266
424,48529095.864189625,14211765.775142005
425,48529095.864189625,17641599.85662396
426,10508.0,29397178.099727727
427,48529095.864189625,27018342.4131027
428,17757087.0,29294089.74174675
429,25450527.0,44163657.83030857
430,17378977.0,14168250.600574417
431,33244684.0,35923590.114855856
432,49185998.0,50951967.37376468
433,8828771.0,38158212.631542824
434,5776314.0,28693918.857755724
435,40911830.0,57379703.44166666
436,30981850.0,36155476.43425903
437,21088568.0,20640471.542755708
438,48529095.864189625,28372581.390533842
439,48529095.864189625,35945826.60729874
440,58006147.0,39863311.97788064
441,79363785.0,97968444.36333334
442,12843.0,31114944.772509076
443,4357000.0,23253631.523125134
444,162586036.0,97410161.91999999
445,1647780.0,36632397.03995408
446,3074838.0,20955097.54061712
447,16892.0,33436146.778636564
448,59889948.0,41397285.867880635
449,123207194.0,107433620.10666662
450,48529095.864189625,29644775.576312188
451,38590500.0,44492739.55547299
452,48529095.864189625,16184759.73238629
453,4273372.0,22872037.5554922
454,48529095.864189625,31818796.876085844
455,83503161.0,89135349.91333333
456,31597131.0,44752395.53530858
457,71423726.0,53537665.86999998
458,52580895.0,41759075.27008221
459,141853.0,25955137.347238954
460,35385560.0,21592332.852592364
461,5518918.0,9878695.020595772
462,56114221.0,71502282.49333332
463,4414535.0,16496458.065020287
464,1055654.0,19583065.35174781
465,209364921.0,200022362.93666667
466,48529095.864189625,8641159.50781764
467,819939.0,12153106.666315395
468,48529095.864189625,28759444.876870595
469,770629.0,33067046.522916928
470,22235901.0,15711669.015245572
471,48529095.864189625,20278580.267694853
472,46455802.0,63779827.41000001
473,320706665.0,143294088.72666672
474,7417210.0,11600940.894793937
475,5669081.0,18984742.878228694
476,7705974.0,34268825.52180548
477,2062066.0,11128176.53693359
478,10499968.0,32071212.564094596
479,533344.0,13681514.063908815
480,25003072.0,43862872.66666667
481,34350553.0,66455630.30333332
482,6855137.0,32837544.886831094
483,34074895.0,20704409.348887466
484,11466088.0,27461166.714443736
485,116631310.0,36152206.80621397
486,48529095.864189625,25891092.12217916
487,17278980.0,22873932.544938076
488,49874933.0,68097829.72666664
489,48529095.864189625,23839978.509276107
490,23947.0,46079379.17106982
491,48529095.864189625,34192301.28991244
492,26870825.0,16123925.634176813
493,19480739.0,67085385.62333333
494,11041228.0,93868396.83666666
495,86049418.0,78308995.93166666
496,48529095.864189625,28304875.24314434
497,12200000.0,12446096.414113818
498,17176900.0,66628532.67833332
499,13555988.0,23946007.459958352
500,81638674.0,58632753.97242795
501,34334256.0,41694423.58658339
502,7830611.0,37015891.82980888
503,110175871.0,57717710.67152252
504,50000.0,34470336.70112641
505,43290977.0,73974695.87499999
506,12055108.0,15751217.025781555
507,229094.0,25293704.423846886
508,36447959.0,26003045.585287213
509,115648585.0,50985844.643209465
510,48529095.864189625,27873776.3224685
511,50016394.0,72678251.08166666
512,10955425.0,41642866.0540946
513,124051759.0,106043073.77333334
514,208543795.0,200068201.42333335
515,6401336.0,17455194.753394194
516,90800000.0,49388950.6386419
517,82506325.0,17702675.192077726
518,47852604.0,45697407.39288064
519,60923325.0,71478003.43
520,13391174.0,19908603.35143818
521,19389454.0,40873871.0090946
522,39026186.0,33679859.875555195
523,316842.0,15364316.332715139
524,7496522.0,28210056.685266923
525,75078.0,26112870.517238952
526,28399192.0,20591154.96658232
527,231186.0,13901000.560512492
528,10443316.0,16758932.662921205
529,48745150.0,49218410.052283786
530,128200012.0,72615058.14500001
531,2428241.0,11665002.175430287
532,5532301.0,13163874.95804505
533,3064356.0,13854232.871315397
534,23089926.0,38482099.82898889
535,5199.0,25856855.55658019
536,31655091.0,33037774.487283792
537,48529095.864189625,32285797.012031823
538,3117666.0,25524098.586765956
539,102608827.0,123310210.98666668
540,72601713.0,34833270.848908804
541,48529095.864189625,40942763.99713323
542,46836394.0,144768932.36956757
543,103400692.0,119588653.655
544,48529095.864189625,13209476.398455055
545,215185.0,28567267.935016014
546,57750000.0,14091884.697139652
547,7262288.0,18333508.446378388
548,19059018.0,74076378.3291768
549,31584722.0,51358713.761975214
550,4584886.0,27046397.755246628
551,50800000.0,26711477.80403267
552,178739.0,42458046.371310055
553,69772969.0,127175299.21499997
554,4814244.0,15440845.07831198
555,32694788.0,102261142.44833334
556,48529095.864189625,18900411.46275464
557,434949459.0,58126485.91940314
558,3300230.0,30531039.163269266
559,60000000.0,40751139.62043136
560,48529095.864189625,35287113.36199017
561,2319187.0,41762696.255925685
562,50026353.0,36757196.755781546
563,9639242.0,19055372.31333334
564,30669413.0,51924337.343333334
565,871527.0,16670519.94442238
566,548934.0,24421149.979134113
567,14003141.0,15803871.169196028
568,86300000.0,35578914.80217703
569,2961991.0,17026946.235636342
570,9213.0,68012032.74946402
571,48529095.864189625,13434017.990636343
572,83025853.0,41431665.31232437
573,76600000.0,54019278.341975234
574,40219708.0,23831482.042304084
575,46338728.0,49918268.3836419
576,48529095.864189625,19016404.503289558
577,48529095.864189625,29992553.631682687
578,78745923.0,59037330.397654295
579,12055.0,12056760.806417897
580,82389560.0,41774968.63804506
581,3034181.0,16243039.901707241
582,2298191.0,84745709.68697523
583,90800000.0,49388950.6386419
584,638476.0,12067823.255780485
585,2408553.0,24599870.11721866
586,119500000.0,43765538.435266934
587,48529095.864189625,42821480.01592568
588,48529095.864189625,43880367.74865577
589,329691196.0,174619721.93288058
590,48529095.864189625,33345423.412402317
591,148337537.0,120821845.96061715
592,92969824.0,75032975.38137837
593,47329.0,25893644.31658018
594,67631157.0,96148213.42833336
595,113006880.0,67442376.79333334
596,537580.0,27620583.423333332
597,882710.0,19725307.629978646
598,7443007.0,21387261.800039507
599,10696.0,14468003.97851698
600,35096190.0,56743436.07666669
601,703002.0,40118279.56186951
602,267194.0,19704218.043515917
603,9396487.0,24404761.18788063
604,54228104.0,47366653.14835361
605,6157157.0,23166685.978228703
606,22877808.0,57493888.16697522
607,228756232.0,215320336.37999997
608,65173160.0,174466274.17333335
609,12583510.0,30685541.92442344
610,3041803.0,28985143.464070033
611,10725228.0,37465610.34650117
612,48529095.864189625,33491758.35445975
613,382946.0,13232021.198497763
614,18378.0,28634687.92707452
615,48529095.864189625,8910316.031006835
616,96734.0,26575019.50287637
617,1340891.0,36950146.96219623
618,48529095.864189625,44075848.36087765
619,9013113.0,12278457.581336752
620,44087387.0,8661006.886666663
621,12189514.0,17565948.10115204
622,48529095.864189625,24767642.07641576
623,49551662.0,123694175.29
624,114324072.0,89564599.91833334
625,1027119.0,12454206.53102712
626,34098563.0,43040699.06623425
627,38916903.0,35099157.1928785
628,28772222.0,38678510.51909458
629,5480996.0,25952115.626522522
630,334185206.0,183668280.69499996
631,381186.0,17341895.715018153
632,48529095.864189625,18909240.769071106
633,31501218.0,30725494.32121395
634,52691009.0,21478385.34647982
635,16123851.0,20614301.243003417
636,38297305.0,130170214.8366667
637,134218018.0,65795962.89499999
638,13987482.0,40022410.40833333
639,242589580.0,152449979.5949999
640,1877179.0,34463405.984686084
641,107503316.0,220439250.44
642,52929168.0,28037037.5909876
643,48529095.864189625,41339790.213724114
644,2208939.0,78863155.00553493
645,48529095.864189625,18544762.702404443
646,171031347.0,74472030.93333334
647,22331028.0,29633256.284629516
648,48529095.864189625,8941497.351357035
649,447750.0,16045721.477056377
650,85884815.0,28659302.528065346
651,96067179.0,170758443.273991
652,56684819.0,63490455.16166667
653,18208078.0,54052613.69166667
654,39380442.0,89112034.76621395
655,85463309.0,132396546.88333334
656,11405825.0,25837525.6405552
657,229311.0,20062487.92460602
658,33685268.0,92180647.93333332
659,186336103.0,177199252.36
660,13264986.0,28976370.074401025
661,186739919.0,192596743.85833335
662,41895491.0,30028982.69341554
663,25528495.0,42764162.9781892
664,201148159.0,122324163.86666667
665,59696176.0,26072564.992550712
666,11784000.0,31807202.078250047
667,57010853.0,92113230.96166667
668,75764085.0,59771618.27166667
669,95632614.0,109782709.50000001
670,220234.0,24867576.92353514
671,17225675.0,42781341.971666664
672,119793567.0,76113194.33265428
673,19406406.0,32623784.187938295
674,6482195.0,11564954.348353622
675,37738400.0,29706599.51652253
676,54606.0,11733932.967755713
677,51053787.0,29482303.61907325
678,22200000.0,29774952.335719615
679,35754555.0,33559618.22932096
680,179870271.0,75362208.58166668
681,66950483.0,26336260.832900915
682,93452056.0,73002294.71909459
683,65452312.0,143350396.59333333
684,55865715.0,34556837.56222186
685,16999046.0,49573895.72166664
686,255108370.0,292780508.29499984
687,6712451.0,20208918.150493275
688,66600000.0,49315489.476522535
689,14479776.0,18776221.01432094
690,14587732.0,28556711.046458453
691,18306166.0,20672313.739279307
692,3101301.0,31014125.37314435
693,285761243.0,82160555.95666666
694,1039869.0,18822471.54884689
695,10305534.0,35708776.0211467
696,17266505.0,33920255.94637837
697,48529095.864189625,13304228.629216313
698,48529095.864189625,45574956.83112427
699,176997107.0,136114853.21598762
700,18621249.0,29171527.470328845
701,2073984.0,18711885.437857155
702,1339152.0,63834725.85820733
703,48529095.864189625,29212431.821415737
704,31743332.0,36395181.82736601
705,48529095.864189625,43283772.78760624
706,6565495.0,27049816.457510144
707,2301777.0,16630630.099050825
708,122288.0,56064355.573950484
709,14793904.0,30407600.696995508
710,48529095.864189625,24055858.40223895
711,119938730.0,102837926.99166667
712,48529095.864189625,39172343.04614991
713,317557891.0,232775070.48333335
714,48529095.864189625,44917327.4092932
715,48529095.864189625,20882900.51413304
716,48529095.864189625,39083946.135426
717,8000000.0,22456812.373947248
718,64572496.0,45005200.000617124
719,9059588.0,21320454.9388661
720,24530513.0,28093150.976685893
721,48529095.864189625,39515916.097608365
722,6712241.0,90820385.95109008
723,118471320.0,64706338.46333334
724,48529095.864189625,20952227.774938073
725,48529095.864189625,37089473.02359492
726,340478898.0,243785158.21166667
727,13082288.0,51927559.375
728,1293295.0,31710881.019666888
729,42044321.0,79069990.63121396
730,6852144.0,21809416.139155455
731,50693162.0,42330704.07576126
732,113709992.0,61175873.38722185
733,48529095.864189625,35322238.39242688
734,26903709.0,82012437.68024664
735,43490057.0,14298574.205307499
736,48529095.864189625,37685594.5061467
737,5383834.0,30057839.29940103
738,75305995.0,55270796.34425794
739,2077046.0,15707530.904278241
740,336467.0,24259663.858641896
741,21426805.0,27742018.326666664
742,196573705.0,111048849.3483333
743,4006906.0,15565387.906830024
744,48529095.864189625,7053693.4963367535
745,13922211.0,20652467.948641893
746,48529095.864189625,41956974.0110015
747,7434726.0,32662039.72571855
748,123307945.0,49059237.75000001
749,131564731.0,79255437.385
750,50807639.0,55006245.04333333
751,63319509.0,49309178.110719614
752,26345.0,23861380.835903265
753,100491683.0,30979646.89582105
754,72217000.0,122107717.85197519
755,19692608.0,52545067.74833332
756,407197282.0,242550700.25333333
757,7001720.0,30875072.2572208
758,80360866.0,64397929.880617134
759,16067035.0,20675120.617448222
760,35000629.0,43006482.27166667
761,7022940.0,23660489.092198383
762,15369573.0,21080979.61703395
763,36985501.0,18408046.418724105
764,85300000.0,24311538.86497864
765,18439082.0,44521196.2895473
766,32600000.0,15107619.847344652
767,10139254.0,53951832.07333332
768,20207003.0,34685202.34265427
769,30695227.0,50217419.21166666
770,6387.0,8518071.25143925
771,25407250.0,67242946.43242793
772,75600000.0,159322059.3431892
773,36200000.0,30579448.501233187
774,16684352.0,28474893.149094597
775,3060858.0,24433021.13748666
776,48529095.864189625,24585087.645614997
777,78900000.0,23597422.554094598
778,48529095.864189625,32444051.820057653
779,136432.0,17466264.808373906
780,124868837.0,38242384.41333333
781,536767.0,29066230.966085844
782,10956379.0,29660742.88549328
783,67523385.0,52802934.45166666
784,66528842.0,48419722.49016442
785,48529095.864189625,23046194.3860047
786,15294553.0,27957880.10526693
787,7186670.0,13976984.0455552
788,252726.0,24657394.350119587
789,31670931.0,45656511.26
790,15447.0,22122795.29357784
791,25031037.0,68336854.99197522
792,231417.0,28715806.70532672
793,83024900.0,121358134.16666669
794,22168359.0,20860446.3810079
795,22359293.0,25936500.65919709
796,48529095.864189625,40417731.331207566
797,48529095.864189625,36588767.33184604
798,101978840.0,28724536.06
799,69800000.0,30877466.257076673
800,40962534.0,43528240.912201576
801,17544812.0,50542433.72078154
802,20167424.0,42299479.1362097
803,44484065.0,58972091.55728381
804,349618.0,19457202.554092463
805,22770.0,14931614.593022635
806,48529095.864189625,28136661.432567798
807,48529095.864189625,21387341.083310906
808,73209340.0,82801534.51500002
809,26421314.0,27331372.289547306
810,106807667.0,62688890.38666667
811,48529095.864189625,22681173.78180759
812,48529095.864189625,21258275.239278246
813,48529095.864189625,34177802.67939782
814,35010192.0,16271236.230595773
815,100768056.0,50899434.75666666
816,48529095.864189625,13508618.721644249
817,4131640.0,19495158.88748772
818,484221.0,40470506.292647876
819,12134420.0,34241999.95866218
820,81022333.0,37238133.076522514
821,727883.0,72978937.15016443
822,24881000.0,33195512.031398676
823,447093.0,24145494.382300884
824,4756.0,21476109.011870593
825,47456450.0,66956477.57833332
826,11278.0,22976973.856169116
827,38966057.0,66298032.467448205
828,43060566.0,66286298.37833333
829,652177271.0,217379552.11
830,44834712.0,21011702.899485372
831,38230435.0,27368805.183868255
832,48529095.864189625,36242965.56192827
833,2708188.0,16335926.823784966
834,48529095.864189625,18257866.31446295
835,1987287.0,37059238.78833333
836,42019483.0,9478090.955575485
837,56729973.0,57309694.81646059
838,34350553.0,66455630.30333332
839,3058380.0,21216269.3761104
840,48529095.864189625,34106340.18020073
841,36037909.0,24455032.265966266
842,48529095.864189625,21559407.999442667
843,2035566.0,28577111.246213976
844,22927390.0,24174229.008764688
845,48529095.864189625,35905169.636311114
846,48529095.864189625,16059206.427755708
847,1686429.0,14806490.089896435
848,48529095.864189625,22643234.931540683
849,1330827.0,20333742.81555306
850,41797066.0,58779616.52041105
851,1697956.0,25710138.469629508
852,13092000.0,35889829.22866112
853,70236496.0,51329771.45333333
854,48529095.864189625,25931147.688373905
855,13101142.0,27655943.301541757
856,2428883.0,10584633.975328851
857,49002815.0,20116332.823620547
858,10544143.0,31737780.2886184
859,61094903.0,77107002.8883333
860,213079163.0,74889014.47166666
861,34703228.0,21695217.02987509
862,48529095.864189625,12063634.047777072
863,48529095.864189625,19369726.1225283
864,15500000.0,25864856.94954729
865,985341.0,23124800.888741188
866,7916887.0,25111335.30707773
867,11227940.0,20032357.091913305
868,48529095.864189625,26434536.3073233
869,94999143.0,108136509.20833331
870,48529095.864189625,22464021.995923556
871,216366733.0,118484792.89333335
872,33771174.0,22269758.865327783
873,32095318.0,24332075.201398667
874,101055.0,17443448.8420158
875,10911750.0,20328610.29164425
876,23014504.0,95875736.63500002
877,48529095.864189625,27108420.979111675
878,9528092.0,25040990.09654282
879,6013.0,13064858.113784969
880,2954405.0,18048681.958516978
881,6517198.0,27227597.825841345
882,36381716.0,100634292.26166669
883,223615.0,53205171.551172316
884,43022524.0,32842108.0936419
885,139259759.0,187260299.31166664
886,24407944.0,78610587.74788061
887,41777564.0,60845485.75265428
888,48529095.864189625,40207999.66160047
889,12281500.0,39880934.79909352
890,27277055.0,53062167.57341555
891,51432423.0,23964546.60722187
892,4002955.0,39089428.373434745
893,24276500.0,22597539.148558617
894,140244.0,17619797.266047403
895,48529095.864189625,25735226.05450354
896,32541719.0,46947564.539567575
897,304360277.0,282065318.7733332
898,38432823.0,25834897.981686953
899,3388210.0,13597211.296028182
900,48529095.864189625,13001377.95740551
901,48529095.864189625,39092502.54049328
902,83813460.0,87386671.52000003
903,66637.0,13369779.540431349
904,14967182.0,28890026.72578155
905,2711210.0,25054220.139113814
906,13019253.0,19509743.669381805
907,22326247.0,29509035.846625034
908,59735548.0,49100316.88166665
909,187165546.0,118281399.91000003
910,20733485.0,13109586.150327777
911,48529095.864189625,30076845.999481104
912,48529095.864189625,40094465.03484945
913,40983001.0,33799751.1298751
914,37760080.0,56310425.20166666
915,48529095.864189625,10066449.179279314
916,50628009.0,47014840.51654281
917,1281176.0,6769557.835822123
918,11694528.0,21032237.42059364
919,130058047.0,107438938.92010248
920,54734.0,30811012.014197096
921,20101861.0,21489707.050246634
922,95720716.0,75891274.76409458
923,21520719.0,31096945.64826821
924,48529095.864189625,31151838.99970745
925,109243478.0,107003902.19333336
926,48529095.864189625,35580703.43040679
927,166112167.0,223001571.25
928,48529095.864189625,30677954.641106132
929,48529095.864189625,25516079.234893225
930,247740.0,41970257.430610724
931,48529095.864189625,19511629.31008114
932,41597830.0,45086134.81032886
933,59068786.0,46363896.68833332
934,52320979.0,42814301.334547296
935,48529095.864189625,14750693.892220803
936,6719300.0,16126443.143495625
937,1064277.0,19884971.27769486
938,43095600.0,65435619.63833333
939,55682070.0,80513843.53166667
940,15854988.0,18022170.92073991
941,43771291.0,38402544.667139664
942,48529095.864189625,38976783.17532885
943,48529095.864189625,35214585.87554987
944,168368427.0,212057633.25333327
945,184208848.0,52024108.827715136
946,7764027.0,15118984.859052958
947,7837632.0,22814799.047736492
948,4535117.0,38412185.28985585
949,42877165.0,55873284.036975235
950,717753.0,43123069.742899835
951,46377022.0,30903512.05
952,150056505.0,114100817.50666665
953,1889522.0,17077610.551314328
954,48529095.864189625,19536478.36748879
955,48529095.864189625,36305679.80297884
956,187670866.0,199625197.08500004
957,48529095.864189625,18230253.45911275
958,19472057.0,21631472.02569721
959,1980338.0,23934410.198619474
960,38536376.0,28392712.655472983
961,48529095.864189625,39604813.03974698
962,1089445.0,20345717.726170186
963,3073392.0,41867032.51000002
964,48529095.864189625,34599718.46448002
965,4681503.0,13898222.978332272
966,14131298.0,58362934.77166667
967,50549107.0,67091678.407880634
968,57981889.0,72205051.74129617
969,39200000.0,41497724.454196006
970,32553210.0,50100571.48666668
971,19281235.0,22322052.604339104
972,128505958.0,99689161.93000002
973,41543207.0,29125987.25039078
974,37721949.0,16713827.631952807
975,85433.0,38236439.6182714
976,4360548.0,13652509.99578155
977,48529095.864189625,24166494.897897717
978,53854588.0,34941487.149094604
979,97030725.0,117289439.26166666
980,71017784.0,44793718.754855864
981,48529095.864189625,11100292.346583389
982,36830057.0,17059314.785761263
983,51527787.0,49170094.38333335
984,74787599.0,24434225.841644254
985,9801782.0,17720558.20335362
986,1984743.0,12486415.20034914
987,14589444.0,65545255.45940315
988,48529095.864189625,17546257.999585733
989,5359774.0,30212495.817035016
990,33687630.0,57308588.49530855
991,75621915.0,46130543.70106981
992,77231.0,20436785.654524878
993,48529095.864189625,37113506.58517939
994,27796042.0,56289458.68166668
995,169719.0,19585745.50203609
996,48529095.864189625,20600929.02497758
997,27441122.0,8954790.230349135
998,200803.0,20067056.801026054
999,65010106.0,41333205.56845611
1000,115603980.0,93563566.84954731
1001,51475962.0,44200130.67999999
1002,532190.0,14154448.863744395
1003,406035.0,22868661.23896861
1004,25926543.0,21337618.516769167
1005,49000.0,42575538.30563101
1006,30063805.0,53900686.67993808
1007,70625986.0,65497298.9695473
1008,27053815.0,29712116.56561499
1009,4710455.0,56088751.1305744
1010,14378353.0,13942317.18670724
1011,32853640.0,53170464.58002028
1012,48529095.864189625,25229180.553843692
1013,48529095.864189625,17228406.376149908
1014,48529095.864189625,20831401.44121183
1015,141340178.0,74320143.9010901
1016,48529095.864189625,13748004.199462948
1017,8000000.0,22412138.653845824
1018,48529095.864189625,20055419.237384155
1019,25799043.0,14784679.000328848
1020,73326666.0,36676432.70895046
1021,48529095.864189625,31323411.11188979
1022,90341670.0,67442382.685
1023,143523463.0,93768239.08666666
1024,318759914.0,238324966.75333333
1025,48529095.864189625,30559618.568431567
1026,15988876.0,28402057.30460816
1027,109993847.0,61329748.02999998
1028,356454367.0,202938521.14265424
1029,2209479.0,26439167.703617346
1030,33828318.0,33404938.503333334
1031,712294.0,23927021.76542921
1032,48529095.864189625,15487073.403291695
1033,21300000.0,21297282.895595778
1034,39692139.0,40514029.23
1035,41256277.0,41308871.26499999
1036,7564000.0,38020340.63030855
1037,609042.0,26739783.528863963
1038,48529095.864189625,13689518.763826614
1039,72219395.0,49683509.61166667
1040,4109095.0,7947699.727386291
1041,19170001.0,9795196.408065343
1042,36830.0,21809168.45265108
1043,94125426.0,41647715.58429747
1044,39235088.0,63473532.69000001
1045,48529095.864189625,19107253.87647982
1046,48529095.864189625,9442420.281645315
1047,93952276.0,54798446.61166666
1048,9483821.0,41366590.3845473
1049,1309849.0,14740770.408372842
1050,48529095.864189625,9302603.70582212
1051,41482207.0,39079295.10742793
1052,102515793.0,142485650.74333337
1053,3519627.0,27031198.009217378
1054,800000.0,35972051.772587016
1055,13854000.0,23456638.773826603
1056,442638.0,18561830.5444416
1057,17016190.0,24393226.192201585
1058,39143839.0,34490400.31098655
1059,48529095.864189625,42055340.63744183
1060,1631839.0,16507429.497940414
1061,48529095.864189625,16104194.123558618
1062,5430822.0,10945273.591254532
1063,31165421.0,78759030.55499998
1064,14291570.0,50931598.12
1065,48529095.864189625,28717072.17415226
1066,1400000.0,16583139.211849244
1067,78009155.0,71423066.29333334
1068,119420252.0,52919843.31668696
1069,214966.0,24799787.53553491
1070,10706786.0,65076801.099999994
1071,37788228.0,22745123.87403267
1072,48529095.864189625,24627170.92623105
1073,91121452.0,72802697.21318917
1074,381225.0,34187457.25637305
1075,67263182.0,90390104.13499998
1076,134904.0,16587644.512941487
1077,34017854.0,59601890.02265429
1078,131536019.0,87944135.71999998
1079,206400.0,19500400.72473094
1080,28687835.0,26360881.99833333
1081,14983572.0,27180417.417098008
1082,48529095.864189625,28376497.788537264
1083,2024854.0,21428571.432198383
1084,92362.0,37728439.96102284
1085,20315324.0,64179976.20666663
1086,14334645.0,24743098.644259028
1087,79363785.0,97968444.36333334
1088,439162.0,101636302.65395042
1089,48529095.864189625,18181281.50940102
1090,76137505.0,44946665.79742792
1091,48529095.864189625,29214789.25226137
1092,124870275.0,94050267.09228377
1093,25339117.0,23105632.65956759
1094,48529095.864189625,18926079.547548585
1095,5694308.0,19416281.05800234
1096,100328194.0,72645618.56166668
1097,502028.0,25137572.759688236
1098,65535067.0,43177275.09032884
1099,223806889.0,255123830.10030857
1100,2848578.0,19846002.382836852
1101,58885635.0,49639629.443189204
1102,84749884.0,35921180.93298314
1103,48529095.864189625,15403456.434607087
1104,27829874.0,50940614.13948539
1105,54098051.0,68279826.78166665
1106,1111.0,31282856.67808136
1107,48529095.864189625,32262040.706211828
1108,37567440.0,49926328.00409459
1109,209019489.0,233705971.63499996
1110,26236603.0,39670802.170205005
1111,15278.0,19760101.424606018
1112,48529095.864189625,9934332.394587873
1113,48529095.864189625,43385820.00828529
1114,1391770.0,18660109.821787313
1115,958319.0,24725827.775328845
1116,48529095.864189625,41160313.43954089
1117,305388685.0,217074826.5466666
1118,10561238.0,18417996.77576126
1119,48529095.864189625,27834862.754338015
1120,48529095.864189625,41676484.82071962
1121,20991497.0,26303969.201666668
1122,55808744.0,62893965.82621397
1123,48529095.864189625,22010108.637056373
1124,51872378.0,33082872.007674564
1125,50859889.0,62328695.61705745
1126,72306065.0,74821184.67594597
1127,82234139.0,26040848.725617122
1128,4091.0,21028201.86121183
1129,31874869.0,42915770.44666666
1130,44700000.0,85292143.76255071
1131,8535575.0,8772009.907366006
1132,55673333.0,65802175.71030855
1133,31493782.0,44240362.67008222
1134,12081447.0,9440027.619237669
1135,82163317.0,55693305.68666667
1136,27972410.0,64614085.98333333
1137,128978.0,19433703.399011318
1138,48529095.864189625,40632027.49816677
1139,19057024.0,30214132.982201576
1140,200069408.0,204895019.76166672
1141,48529095.864189625,25728483.47036621
1142,39025000.0,34185477.719259016
1143,101160529.0,155631487.97
1144,28328132.0,46905449.271975234
1145,469947.0,24231010.841848172
1146,70405498.0,42951110.85748774
1147,84961.0,31541331.97697522
1148,48529095.864189625,24957106.448866118
1149,25440971.0,47576668.18485584
1150,333976.0,18033212.20152146
1151,100669.0,14407425.194236599
1152,16779636.0,21321905.02960816
1153,925402.0,36380109.20225816
1154,4806750.0,24336967.479606017
1155,3419967.0,14771131.799093528
1156,48529095.864189625,17493181.427836858
1157,16929123.0,17219831.27327141
1158,60652036.0,73801572.14500003
1159,48472213.0,51403246.32076125
1160,90646554.0,108707719.24666668
1161,25052000.0,58997217.18333335
1162,29062561.0,28343879.616913304
1163,83892374.0,60918209.660082206
1164,23650000.0,33241038.330406774
1165,87666629.0,107144235.85000002
1166,19076815.0,45349210.22
1167,64998368.0,45475170.578868255
1168,15608545.0,40518045.14827141
1169,48529095.864189625,44616523.95686525
1170,362645141.0,278267358.806214
1171,141600000.0,54786181.66333332
1172,39825798.0,49270494.08999999
1173,37516013.0,74111098.42166668
1174,75817994.0,56889049.62448539
1175,23807.0,40609955.75468504
1176,31662.0,28746866.990984406
1177,150415432.0,43667137.24833334
1178,25842000.0,21301232.236171257
1179,78800000.0,64407543.00397075
1180,40137776.0,67582773.58615203
1181,48529095.864189625,41582811.45978754
1182,127214072.0,54163501.62666665
1183,24788807.0,26495957.021725383
1184,95001351.0,67232047.03833333
1185,33048353.0,104080674.49166667
1186,38105077.0,38906327.20166666
1187,48529095.864189625,37122255.288286336
1188,177575142.0,99641124.46166664
1189,48529095.864189625,26297928.696004692
1190,48529095.864189625,29910012.423431553
1191,45856732.0,36226693.85502029
1192,48529095.864189625,10822713.949381806
1193,33682273.0,54792524.62833333
1194,48529095.864189625,31373378.627834726
1195,48529095.864189625,26325092.82631646
1196,17010646.0,32509823.126315385
1197,18324242.0,28515837.589525953
1198,5333658.0,23969394.60925795
1199,20047715.0,17175002.946542814
1200,13464388.0,64819122.63917681
1201,13208023.0,30246651.605307497
1202,6144806.0,22591473.360265866
1203,658672302.0,316909969.1133332
1204,181360000.0,36956721.47417681
1205,46813366.0,29254490.957880635
1206,255950375.0,62962198.98
1207,5108820.0,34428181.04520287
1208,33860010.0,32727702.49207774
1209,48529095.864189625,25978415.918514833
1210,60008303.0,20211153.090431355
1211,36310118.0,21708788.208496686
1212,88246220.0,101080628.98
1213,48529095.864189625,31039874.268822327
1214,48529095.864189625,24793233.352734365
1215,48529095.864189625,36846051.34213965
1216,48529095.864189625,27458311.447197307
1217,50921738.0,55248524.4490946
1218,144731527.0,42662369.36121397
1219,15081783.0,31695711.04993808
1220,15155772.0,34056914.15827141
1221,5660084.0,28584697.508640833
1222,48529095.864189625,11858307.493208414
1223,425899.0,32042604.508842625
1224,43601508.0,25269026.797674567
1225,45356386.0,52521040.18999999
1226,21200000.0,28363819.41787956
1227,103001286.0,42155608.40621397
1228,183132370.0,133667488.2033334
1229,6350058.0,25192268.17985587
1230,48529095.864189625,43413397.74472561
1231,41997790.0,50936588.99833332
1232,2331318.0,17947216.057550713
1233,154077.0,20458875.059812088
1234,10494147.0,9643127.413600257
1235,48814909.0,38328023.956213966
1236,45996718.0,71219742.30333336
1237,30659817.0,41250427.0081892
1238,31397498.0,43766554.7622838
1239,4476235.0,41135372.45487614
1240,91400000.0,54344862.05273648
1241,62453315.0,85125232.21166667
1242,138396624.0,126677341.79499999
1243,35183792.0,44479489.92197523
1244,48529095.864189625,19037546.661108267
1245,13034417.0,48158441.97796287
1246,75597042.0,21425930.3214179
1247,48529095.864189625,13183941.482138593
1248,10562387.0,51915964.32569932
1249,69582.0,33900228.18863655
1250,6706368.0,15071702.135039506
1251,9109322.0,22214721.37283792
1252,17100000.0,17812204.032036096
1253,48529095.864189625,76487507.72168693
1254,48529095.864189625,40868117.03947896
1255,12555230.0,8989057.423229769
1256,4922166.0,20471310.586068753
1257,1796024.0,30727696.31539078
1258,54239856.0,59587784.57530858
1259,293501675.0,134197158.72909462
1260,148734225.0,83288418.43833333
